x,y,z
0.000000, 0.000000, 1.000000
-0.000100, -0.009999, 0.999950
-0.000400, -0.019993, 0.999800
-0.000900, -0.029978, 0.999550
-0.001599, -0.039947, 0.999201
-0.002497, -0.049896, 0.998751
-0.003595, -0.059820, 0.998203
-0.004890, -0.069715, 0.997555
-0.006383, -0.079574, 0.996809
-0.008073, -0.089394, 0.995964
-0.009958, -0.099169, 0.995021
-0.012039, -0.108894, 0.993980
-0.014314, -0.118565, 0.992843
-0.016781, -0.128177, 0.991609
-0.019440, -0.137725, 0.990280
-0.022290, -0.147203, 0.988855
-0.025328, -0.156608, 0.987336
-0.028554, -0.165935, 0.985723
-0.031965, -0.175179, 0.984018
-0.035560, -0.184336, 0.982220
-0.039338, -0.193400, 0.980331
-0.043296, -0.202367, 0.978352
-0.047432, -0.211233, 0.976284
-0.051744, -0.219994, 0.974128
-0.056231, -0.228645, 0.971885
-0.060889, -0.237181, 0.969555
-0.065717, -0.245599, 0.967141
-0.070712, -0.253894, 0.964644
-0.075872, -0.262062, 0.962064
-0.081194, -0.270099, 0.959403
-0.086675, -0.278001, 0.956662
-0.092313, -0.285764, 0.953843
-0.098105, -0.293384, 0.950948
-0.104047, -0.300857, 0.947976
-0.110138, -0.308180, 0.944931
-0.116374, -0.315349, 0.941813
-0.122751, -0.322360, 0.938624
-0.129267, -0.329211, 0.935366
-0.135918, -0.335896, 0.932041
-0.142702, -0.342413, 0.928649
-0.149614, -0.348760, 0.925193
-0.156651, -0.354932, 0.921675
-0.163810, -0.360926, 0.918095
-0.171087, -0.366740, 0.914457
-0.178478, -0.372371, 0.910761
-0.185980, -0.377815, 0.907010
-0.193590, -0.383071, 0.903205
-0.201302, -0.388135, 0.899349
-0.209114, -0.393005, 0.895443
-0.217021, -0.397679, 0.891490
-0.225020, -0.402153, 0.887490
-0.233106, -0.406427, 0.883447
-0.241275, -0.410497, 0.879362
-0.249524, -0.414363, 0.875238
-0.257848, -0.418020, 0.871076
-0.266244, -0.421469, 0.866878
-0.274706, -0.424708, 0.862647
-0.283231, -0.427734, 0.858385
-0.291814, -0.430546, 0.854093
-0.300451, -0.433143, 0.849775
-0.309138, -0.435523, 0.845431
-0.317870, -0.437685, 0.841065
-0.326644, -0.439629, 0.836678
-0.335454, -0.441353, 0.832273
-0.344297, -0.442856, 0.827852
-0.353167, -0.444138, 0.823417
-0.362061, -0.445197, 0.818970
-0.370973, -0.446035, 0.814513
-0.379900, -0.446649, 0.810050
-0.388838, -0.447039, 0.805581
-0.397781, -0.447207, 0.801110
-0.406724, -0.447150, 0.796638
-0.415665, -0.446871, 0.792167
-0.424598, -0.446367, 0.787701
-0.433518, -0.445641, 0.783241
-0.442422, -0.444691, 0.778789
-0.451304, -0.443520, 0.774348
-0.460161, -0.442126, 0.769919
-0.468988, -0.440512, 0.765506
-0.477780, -0.438677, 0.761110
-0.486534, -0.436623, 0.756733
-0.495244, -0.434351, 0.752378
-0.503906, -0.431862, 0.748047
-0.512517, -0.429156, 0.743742
-0.521071, -0.426236, 0.739464
-0.529565, -0.423103, 0.735218
-0.537994, -0.419758, 0.731003
-0.546354, -0.416204, 0.726823
-0.554641, -0.412441, 0.722680
-0.562850, -0.408473, 0.718575
-0.570978, -0.404300, 0.714511
-0.579021, -0.399924, 0.710490
-0.586974, -0.395349, 0.706513
-0.594833, -0.390576, 0.702583
-0.602595, -0.385608, 0.698702
-0.610256, -0.380448, 0.694872
-0.617812, -0.375096, 0.691094
-0.625259, -0.369558, 0.687371
-0.632593, -0.363834, 0.683703
-0.639811, -0.357929, 0.680094
-0.646909, -0.351845, 0.676545
-0.653884, -0.345585, 0.673058
-0.660731, -0.339152, 0.669634
-0.667449, -0.332549, 0.666276
-0.674032, -0.325780, 0.662984
-0.680479, -0.318849, 0.659761
-0.686785, -0.311758, 0.656607
-0.692948, -0.304511, 0.653526
-0.698965, -0.297112, 0.650518
-0.704832, -0.289564, 0.647584
-0.710546, -0.281871, 0.644727
-0.716105, -0.274038, 0.641947
-0.721507, -0.266067, 0.639247
-0.726747, -0.257964, 0.636626
-0.731824, -0.249731, 0.634088
-0.736736, -0.241374, 0.631632
-0.741479, -0.232896, 0.629261
-0.746051, -0.224301, 0.626975
-0.750450, -0.215595, 0.624775
-0.754674, -0.206780, 0.622663
-0.758720, -0.197863, 0.620640
-0.762588, -0.188846, 0.618706
-0.766274, -0.179735, 0.616863
-0.769776, -0.170534, 0.615112
-0.773094, -0.161247, 0.613453
-0.776226, -0.151881, 0.611887
-0.779169, -0.142438, 0.610415
-0.781923, -0.132924, 0.609039
-0.784486, -0.123343, 0.607757
-0.786856, -0.113701, 0.606572
-0.789033, -0.104002, 0.605483
-0.791016, -0.094251, 0.604492
-0.792803, -0.084453, 0.603599
-0.794394, -0.074612, 0.602803
-0.795787, -0.064735, 0.602106
-0.796983, -0.054825, 0.601509
-0.797980, -0.044887, 0.601010
-0.798778, -0.034927, 0.600611
-0.799377, -0.024950, 0.600311
-0.799776, -0.014960, 0.600112
-0.799975, -0.004963, 0.600012
-0.799975, 0.005037, 0.600013
-0.799774, 0.015034, 0.600113
-0.799373, 0.025024, 0.600313
-0.798773, 0.035001, 0.600613
-0.797973, 0.044961, 0.601013
-0.796975, 0.054898, 0.601513
-0.795778, 0.064808, 0.602111
-0.794383, 0.074685, 0.602809
-0.792790, 0.084526, 0.603605
-0.791002, 0.094323, 0.604499
-0.789018, 0.104074, 0.605491
-0.786839, 0.113773, 0.606580
-0.784467, 0.123414, 0.607766
-0.781903, 0.132994, 0.609048
-0.779148, 0.142508, 0.610426
-0.776203, 0.151950, 0.611898
-0.773070, 0.161317, 0.613465
-0.769751, 0.170602, 0.615124
-0.766247, 0.179803, 0.616877
-0.762560, 0.188913, 0.618720
-0.758691, 0.197929, 0.620654
-0.754643, 0.206846, 0.622678
-0.750418, 0.215660, 0.624791
-0.746017, 0.224365, 0.626991
-0.741444, 0.232959, 0.629278
-0.736700, 0.241436, 0.631650
-0.731787, 0.249793, 0.634106
-0.726709, 0.258024, 0.636645
-0.721467, 0.266127, 0.639266
-0.716065, 0.274096, 0.641968
-0.710504, 0.281929, 0.644748
-0.704789, 0.289620, 0.647606
-0.698921, 0.297167, 0.650540
-0.692903, 0.304565, 0.653549
-0.686739, 0.311811, 0.656631
-0.680432, 0.318901, 0.659784
-0.673984, 0.325831, 0.663008
-0.667399, 0.332599, 0.666300
-0.660681, 0.339200, 0.669659
-0.653833, 0.345632, 0.673084
-0.646857, 0.351891, 0.676572
-0.639758, 0.357974, 0.680121
-0.632539, 0.363878, 0.683730
-0.625204, 0.369600, 0.687398
-0.617756, 0.375137, 0.691122
-0.610200, 0.380487, 0.694900
-0.602538, 0.385646, 0.698731
-0.594775, 0.390613, 0.702612
-0.586915, 0.395384, 0.706542
-0.578961, 0.399958, 0.710519
-0.570918, 0.404331, 0.714541
-0.562789, 0.408503, 0.718605
-0.554579, 0.412470, 0.722710
-0.546292, 0.416231, 0.726854
-0.537932, 0.419784, 0.731034
-0.529502, 0.423127, 0.735249
-0.521008, 0.426259, 0.739496
-0.512453, 0.429177, 0.743773
-0.503842, 0.431881, 0.748079
-0.495179, 0.434369, 0.752410
-0.486469, 0.436639, 0.756766
-0.477715, 0.438692, 0.761142
-0.468923, 0.440525, 0.765539
-0.460096, 0.442138, 0.769952
-0.451239, 0.443529, 0.774381
-0.442356, 0.444699, 0.778822
-0.433452, 0.445647, 0.783274
-0.424532, 0.446372, 0.787734
-0.415599, 0.446873, 0.792201
-0.406658, 0.447152, 0.796671
-0.397714, 0.447206, 0.801143
-0.388771, 0.447037, 0.805614
-0.379834, 0.446645, 0.810083
-0.370907, 0.446029, 0.814546
-0.361995, 0.445190, 0.819003
-0.353101, 0.444129, 0.823450
-0.344231, 0.442846, 0.827885
-0.335389, 0.441341, 0.832306
-0.326579, 0.439615, 0.836711
-0.317805, 0.437670, 0.841097
-0.309073, 0.435506, 0.845463
-0.300387, 0.433124, 0.849807
-0.291750, 0.430526, 0.854125
-0.283167, 0.427712, 0.858416
-0.274643, 0.424685, 0.862679
-0.266181, 0.421445, 0.866909
-0.257786, 0.417994, 0.871107
-0.249463, 0.414335, 0.875269
-0.241214, 0.410468, 0.879393
-0.233045, 0.406396, 0.883477
-0.224960, 0.402121, 0.887520
-0.216962, 0.397645, 0.891519
-0.209055, 0.392970, 0.895472
-0.201244, 0.388098, 0.899378
-0.193533, 0.383033, 0.903234
-0.185924, 0.377776, 0.907038
-0.178423, 0.372330, 0.910788
-0.171032, 0.366698, 0.914484
-0.163756, 0.360882, 0.918122
-0.156598, 0.354887, 0.921701
-0.149562, 0.348713, 0.925219
-0.142651, 0.342366, 0.928675
-0.135869, 0.335847, 0.932066
-0.129218, 0.329160, 0.935391
-0.122703, 0.322309, 0.938648
-0.116327, 0.315297, 0.941837
-0.110092, 0.308127, 0.944954
-0.104003, 0.300802, 0.947999
-0.098061, 0.293328, 0.950969
-0.092271, 0.285707, 0.953865
-0.086634, 0.277943, 0.956683
-0.081154, 0.270040, 0.959423
-0.075833, 0.262002, 0.962083
-0.070675, 0.253833, 0.964663
-0.065681, 0.245537, 0.967160
-0.060854, 0.237118, 0.969573
-0.056197, 0.228581, 0.971902
-0.051712, 0.219930, 0.974144
-0.047400, 0.211168, 0.976300
-0.043266, 0.202301, 0.978367
-0.039309, 0.193333, 0.980345
-0.035533, 0.184268, 0.982234
-0.031939, 0.175111, 0.984031
-0.028529, 0.165866, 0.985735
-0.025305, 0.156539, 0.987348
-0.022268, 0.147133, 0.988866
-0.019420, 0.137654, 0.990290
-0.016762, 0.128106, 0.991619
-0.014296, 0.118494, 0.992852
-0.012023, 0.108822, 0.993989
-0.009944, 0.099096, 0.995028
-0.008059, 0.089321, 0.995970
-0.006371, 0.079501, 0.996814
-0.004880, 0.069641, 0.997560
-0.003586, 0.059747, 0.998207
-0.002490, 0.049822, 0.998755
-0.001593, 0.039873, 0.999203
-0.000895, 0.029904, 0.999552
-0.000397, 0.019919, 0.999802
-0.000099, 0.009925, 0.999951
-0.000000, -0.000074, 1.000000
-0.000101, -0.010073, 0.999949
-0.000403, -0.020067, 0.999799
-0.000904, -0.030051, 0.999548
-0.001605, -0.040020, 0.999198
-0.002505, -0.049970, 0.998748
-0.003603, -0.059894, 0.998198
-0.004900, -0.069788, 0.997550
-0.006395, -0.079647, 0.996803
-0.008086, -0.089466, 0.995957
-0.009973, -0.099241, 0.995013
-0.012055, -0.108966, 0.993972
-0.014331, -0.118637, 0.992834
-0.016800, -0.128248, 0.991600
-0.019461, -0.137795, 0.990270
-0.022312, -0.147273, 0.988844
-0.025351, -0.156678, 0.987324
-0.028578, -0.166004, 0.985711
-0.031991, -0.175247, 0.984005
-0.035588, -0.184403, 0.982206
-0.039366, -0.193466, 0.980317
-0.043326, -0.202433, 0.978337
-0.047463, -0.211299, 0.976268
-0.051777, -0.220059, 0.974112
-0.056265, -0.228708, 0.971868
-0.060924, -0.237244, 0.969538
-0.065754, -0.245661, 0.967123
-0.070750, -0.253955, 0.964625
-0.075911, -0.262122, 0.962044
-0.081234, -0.270158, 0.959383
-0.086716, -0.278059, 0.956642
-0.092355, -0.285821, 0.953822
-0.098148, -0.293440, 0.950926
-0.104092, -0.300912, 0.947954
-0.110184, -0.308234, 0.944908
-0.116420, -0.315402, 0.941790
-0.122799, -0.322412, 0.938601
-0.129316, -0.329261, 0.935342
-0.135968, -0.335945, 0.932016
-0.142752, -0.342461, 0.928624
-0.149665, -0.348806, 0.925167
-0.156704, -0.354977, 0.921648
-0.163863, -0.360970, 0.918068
-0.171141, -0.366783, 0.914429
-0.178533, -0.372412, 0.910733
-0.186036, -0.377855, 0.906982
-0.193646, -0.383109, 0.903177
-0.201359, -0.388172, 0.899320
-0.209172, -0.393040, 0.895414
-0.217080, -0.397713, 0.891460
-0.225079, -0.402186, 0.887460
-0.233166, -0.406458, 0.883417
-0.241336, -0.410527, 0.879332
-0.249586, -0.414390, 0.875207
-0.257910, -0.418047, 0.871045
-0.266306, -0.421494, 0.866847
-0.274769, -0.424731, 0.862616
-0.283294, -0.427755, 0.858353
-0.291877, -0.430566, 0.854061
-0.300515, -0.433161, 0.849742
-0.309202, -0.435540, 0.845399
-0.317935, -0.437700, 0.841032
-0.326709, -0.439643, 0.836645
-0.335519, -0.441365, 0.832240
-0.344362, -0.442866, 0.827819
-0.353233, -0.444146, 0.823384
-0.362127, -0.445204, 0.818937
-0.371039, -0.446040, 0.814480
-0.379967, -0.446652, 0.810017
-0.388904, -0.447041, 0.805548
-0.397847, -0.447207, 0.801077
-0.406791, -0.447149, 0.796605
-0.415731, -0.446868, 0.792134
-0.424664, -0.446363, 0.787668
-0.433584, -0.445635, 0.783208
-0.442488, -0.444684, 0.778756
-0.451370, -0.443510, 0.774315
-0.460227, -0.442115, 0.769887
-0.469053, -0.440499, 0.765473
-0.477845, -0.438663, 0.761077
-0.486598, -0.436607, 0.756701
-0.495308, -0.434333, 0.752346
-0.503970, -0.431842, 0.748015
-0.512580, -0.429135, 0.743710
-0.521134, -0.426214, 0.739433
-0.529627, -0.423079, 0.735186
-0.538056, -0.419733, 0.730972
-0.546415, -0.416177, 0.726792
-0.554702, -0.412413, 0.722649
-0.562911, -0.408442, 0.718545
-0.571038, -0.404268, 0.714481
-0.579080, -0.399891, 0.710460
-0.587032, -0.395315, 0.706484
-0.594891, -0.390540, 0.702554
-0.602653, -0.385571, 0.698674
-0.610313, -0.380409, 0.694844
-0.617868, -0.375056, 0.691066
-0.625314, -0.369516, 0.687343
-0.632647, -0.363791, 0.683676
-0.639864, -0.357885, 0.680068
-0.646961, -0.351799, 0.676519
-0.653935, -0.345538, 0.673033
-0.660782, -0.339103, 0.669609
-0.667498, -0.332500, 0.666251
-0.674081, -0.325730, 0.662960
-0.680526, -0.318797, 0.659737
-0.686831, -0.311705, 0.656584
-0.692993, -0.304456, 0.653503
-0.699009, -0.297056, 0.650496
-0.704874, -0.289507, 0.647563
-0.710588, -0.281814, 0.644706
-0.716146, -0.273979, 0.641927
-0.721546, -0.266008, 0.639227
-0.726785, -0.257903, 0.636607
-0.731861, -0.249670, 0.634069
-0.736771, -0.241312, 0.631614
-0.741513, -0.232833, 0.629243
-0.746084, -0.224237, 0.626958
-0.750482, -0.215530, 0.624759
-0.754704, -0.206715, 0.622648
-0.758750, -0.197796, 0.620625
-0.762616, -0.188779, 0.618692
-0.766300, -0.179667, 0.616850
-0.769802, -0.170465, 0.615099
-0.773118, -0.161178, 0.613441
-0.776248, -0.151811, 0.611876
-0.779190, -0.142367, 0.610405
-0.781943, -0.132853, 0.609029
-0.784504, -0.123272, 0.607748
-0.786873, -0.113629, 0.606564
-0.789049, -0.103930, 0.605476
-0.791030, -0.094178, 0.604485
-0.792815, -0.084380, 0.603592
-0.794405, -0.074539, 0.602798
-0.795797, -0.064661, 0.602102
-0.796991, -0.054751, 0.601505
-0.797987, -0.044814, 0.601007
-0.798783, -0.034853, 0.600608
-0.799381, -0.024876, 0.600310
-0.799778, -0.014886, 0.600111
-0.799976, -0.004889, 0.600012
-0.799974, 0.005111, 0.600013
-0.799772, 0.015108, 0.600114
-0.799370, 0.025098, 0.600315
-0.798768, 0.035075, 0.600616
-0.797967, 0.045035, 0.601017
-0.796967, 0.054972, 0.601517
-0.795768, 0.064881, 0.602116
-0.794372, 0.074759, 0.602814
-0.792778, 0.084598, 0.603611
-0.790988, 0.094396, 0.604506
-0.789002, 0.104146, 0.605499
-0.786822, 0.113844, 0.606589
-0.784449, 0.123486, 0.607775
-0.781883, 0.133065, 0.609058
-0.779127, 0.142578, 0.610437
-0.776181, 0.152020, 0.611910
-0.773047, 0.161386, 0.613477
-0.769726, 0.170671, 0.615137
-0.766220, 0.179870, 0.616890
-0.762532, 0.188980, 0.618734
-0.758662, 0.197995, 0.620669
-0.754612, 0.206912, 0.622694
-0.750386, 0.215725, 0.624807
-0.745984, 0.224430, 0.627008
-0.741410, 0.233022, 0.629295
-0.736664, 0.241499, 0.631668
-0.731750, 0.249854, 0.634125
-0.726671, 0.258085, 0.636665
-0.721428, 0.266186, 0.639286
-0.716024, 0.274155, 0.641988
-0.710463, 0.281986, 0.644769
-0.704746, 0.289677, 0.647627
-0.698876, 0.297222, 0.650562
-0.692858, 0.304619, 0.653571
-0.686693, 0.311864, 0.656654
-0.680384, 0.318953, 0.659808
-0.673936, 0.325882, 0.663032
-0.667350, 0.332648, 0.666325
-0.660631, 0.339248, 0.669685
-0.653781, 0.345679, 0.673109
-0.646805, 0.351936, 0.676598
-0.639705, 0.358018, 0.680147
-0.632485, 0.363921, 0.683757
-0.625149, 0.369641, 0.687425
-0.617701, 0.375177, 0.691150
-0.610144, 0.380525, 0.694928
-0.602481, 0.385683, 0.698759
-0.594717, 0.390649, 0.702641
-0.586857, 0.395419, 0.706572
-0.578902, 0.399991, 0.710549
-0.570858, 0.404363, 0.714571
-0.562729, 0.408533, 0.718636
-0.554518, 0.412499, 0.722741
-0.546230, 0.416258, 0.726885
-0.537869, 0.419810, 0.731065
-0.529439, 0.423151, 0.735280
-0.520945, 0.426281, 0.739528
-0.512390, 0.429198, 0.743805
-0.503778, 0.431900, 0.748111
-0.495115, 0.434386, 0.752443
-0.486404, 0.436655, 0.756798
-0.477650, 0.438706, 0.761175
-0.468857, 0.440538, 0.765571
-0.460030, 0.442149, 0.769985
-0.451173, 0.443539, 0.774414
-0.442290, 0.444707, 0.778855
-0.433386, 0.445653, 0.783307
-0.424465, 0.446376, 0.787767
-0.415533, 0.446876, 0.792234
-0.406592, 0.447153, 0.796704
-0.397648, 0.447206, 0.801176
-0.388705, 0.447035, 0.805647
-0.379768, 0.446641, 0.810116
-0.370841, 0.446024, 0.814579
-0.361929, 0.445183, 0.819036
-0.353035, 0.444120, 0.823482
-0.344165, 0.442835, 0.827917
-0.335323, 0.441329, 0.832338
-0.326514, 0.439602, 0.836743
-0.317741, 0.437655, 0.841130
-0.309009, 0.435489, 0.845496
-0.300323, 0.433106, 0.849839
-0.291686, 0.430506, 0.854157
-0.283104, 0.427690, 0.858448
-0.274580, 0.424661, 0.862710
-0.266119, 0.421420, 0.866941
-0.257724, 0.417968, 0.871138
-0.249401, 0.414307, 0.875299
-0.241154, 0.410438, 0.879423
-0.232985, 0.406365, 0.883507
-0.224900, 0.402088, 0.887550
-0.216903, 0.397611, 0.891549
-0.208997, 0.392934, 0.895501
-0.201187, 0.388061, 0.899407
-0.193476, 0.382995, 0.903262
-0.185868, 0.377736, 0.907066
-0.178368, 0.372289, 0.910816
-0.170978, 0.366655, 0.914511
-0.163703, 0.360839, 0.918149
-0.156546, 0.354842, 0.921727
-0.149510, 0.348667, 0.925245
-0.142600, 0.342318, 0.928700
-0.135819, 0.335798, 0.932091
-0.129169, 0.329110, 0.935415
-0.122655, 0.322258, 0.938672
-0.116280, 0.315244, 0.941860
-0.110047, 0.308073, 0.944977
-0.103958, 0.300748, 0.948021
-0.098018, 0.293272, 0.950991
-0.092228, 0.285650, 0.953886
-0.086593, 0.277885, 0.956704
-0.081114, 0.269981, 0.959443
-0.075794, 0.261942, 0.962103
-0.070637, 0.253772, 0.964681
-0.065644, 0.245475, 0.967178
-0.060819, 0.237055, 0.969591
-0.056163, 0.228517, 0.971918
-0.051679, 0.219865, 0.974160
-0.047369, 0.211103, 0.976315
-0.043236, 0.202235, 0.978382
-0.039280, 0.193266, 0.980360
-0.035506, 0.184200, 0.982247
-0.031913, 0.175043, 0.984043
-0.028505, 0.165798, 0.985748
-0.025282, 0.156470, 0.987359
-0.022246, 0.147063, 0.988877
-0.019400, 0.137583, 0.990300
-0.016743, 0.128035, 0.991628
-0.014279, 0.118422, 0.992861
-0.012007, 0.108750, 0.993997
-0.009929, 0.099024, 0.995035
-0.008046, 0.089249, 0.995977
-0.006359, 0.079428, 0.996820
-0.004869, 0.069568, 0.997565
-0.003577, 0.059673, 0.998212
-0.002483, 0.049749, 0.998759
-0.001587, 0.039799, 0.999206
-0.000891, 0.029830, 0.999555
-0.000394, 0.019845, 0.999803
-0.000097, 0.009851, 0.999951
-0.000000, -0.000148, 1.000000
-0.000103, -0.010147, 0.999949
-0.000406, -0.020141, 0.999797
-0.000909, -0.030125, 0.999546
-0.001611, -0.040094, 0.999195
-0.002512, -0.050043, 0.998744
-0.003612, -0.059967, 0.998194
-0.004911, -0.069861, 0.997545
-0.006407, -0.079720, 0.996797
-0.008099, -0.089539, 0.995950
-0.009988, -0.099313, 0.995006
-0.012071, -0.109038, 0.993964
-0.014349, -0.118708, 0.992826
-0.016819, -0.128319, 0.991590
-0.019481, -0.137866, 0.990259
-0.022334, -0.147343, 0.988833
-0.025375, -0.156747, 0.987313
-0.028603, -0.166073, 0.985699
-0.032017, -0.175316, 0.983992
-0.035615, -0.184471, 0.982193
-0.039395, -0.193533, 0.980302
-0.043356, -0.202499, 0.978322
-0.047494, -0.211364, 0.976253
-0.051809, -0.220123, 0.974095
-0.056299, -0.228772, 0.971851
-0.060960, -0.237307, 0.969520
-0.065790, -0.245723, 0.967105
-0.070788, -0.254016, 0.964606
-0.075950, -0.262182, 0.962025
-0.081274, -0.270217, 0.959363
-0.086758, -0.278117, 0.956621
-0.092398, -0.285878, 0.953801
-0.098192, -0.293496, 0.950904
-0.104137, -0.300967, 0.947932
-0.110229, -0.308288, 0.944885
-0.116467, -0.315454, 0.941766
-0.122847, -0.322463, 0.938577
-0.129365, -0.329311, 0.935318
-0.136018, -0.335994, 0.931991
-0.142803, -0.342509, 0.928598
-0.149717, -0.348853, 0.925141
-0.156756, -0.355022, 0.921622
-0.163917, -0.361014, 0.918042
-0.171196, -0.366825, 0.914402
-0.178589, -0.372453, 0.910706
-0.186092, -0.377895, 0.906954
-0.193703, -0.383148, 0.903148
-0.201417, -0.388209, 0.899291
-0.209230, -0.393076, 0.895385
-0.217139, -0.397746, 0.891431
-0.225139, -0.402218, 0.887431
-0.233226, -0.406489, 0.883387
-0.241397, -0.410556, 0.879302
-0.249647, -0.414418, 0.875176
-0.257972, -0.418073, 0.871014
-0.266369, -0.421519, 0.866816
-0.274832, -0.424754, 0.862584
-0.283357, -0.427777, 0.858321
-0.291941, -0.430586, 0.854029
-0.300579, -0.433179, 0.849710
-0.309267, -0.435556, 0.845366
-0.318000, -0.437716, 0.841000
-0.326774, -0.439656, 0.836613
-0.335585, -0.441377, 0.832208
-0.344428, -0.442877, 0.827786
-0.353298, -0.444155, 0.823351
-0.362193, -0.445211, 0.818904
-0.371105, -0.446045, 0.814447
-0.380033, -0.446656, 0.809984
-0.388970, -0.447044, 0.805515
-0.397913, -0.447208, 0.801043
-0.406857, -0.447148, 0.796571
-0.415798, -0.446865, 0.792101
-0.424730, -0.446358, 0.787635
-0.433650, -0.445628, 0.783175
-0.442554, -0.444676, 0.778723
-0.451436, -0.443501, 0.774282
-0.460292, -0.442104, 0.769854
-0.469119, -0.440486, 0.765441
-0.477910, -0.438648, 0.761045
-0.486663, -0.436591, 0.756668
-0.495372, -0.434316, 0.752314
-0.504034, -0.431823, 0.747983
-0.512644, -0.429114, 0.743678
-0.521197, -0.426191, 0.739401
-0.529690, -0.423055, 0.735155
-0.538118, -0.419707, 0.730941
-0.546477, -0.416150, 0.726761
-0.554763, -0.412384, 0.722619
-0.562971, -0.408412, 0.718514
-0.571098, -0.404236, 0.714451
-0.579139, -0.399858, 0.710430
-0.587091, -0.395280, 0.706455
-0.594949, -0.390504, 0.702525
-0.602710, -0.385533, 0.698645
-0.610369, -0.380370, 0.694815
-0.617923, -0.375016, 0.691038
-0.625368, -0.369474, 0.687316
-0.632701, -0.363748, 0.683649
-0.639917, -0.357840, 0.680041
-0.647013, -0.351753, 0.676493
-0.653986, -0.345491, 0.673007
-0.660832, -0.339055, 0.669584
-0.667547, -0.332450, 0.666226
-0.674129, -0.325679, 0.662936
-0.680573, -0.318745, 0.659713
-0.686878, -0.311651, 0.656561
-0.693038, -0.304402, 0.653481
-0.699053, -0.297001, 0.650474
-0.704917, -0.289451, 0.647541
-0.710630, -0.281756, 0.644685
-0.716187, -0.273921, 0.641907
-0.721586, -0.265948, 0.639207
-0.726824, -0.257843, 0.636588
-0.731898, -0.249608, 0.634051
-0.736807, -0.241249, 0.631596
-0.741548, -0.232769, 0.629226
-0.746117, -0.224173, 0.626941
-0.750514, -0.215465, 0.624743
-0.754735, -0.206649, 0.622632
-0.758779, -0.197730, 0.620610
-0.762644, -0.188711, 0.618678
-0.766327, -0.179599, 0.616837
-0.769827, -0.170397, 0.615087
-0.773142, -0.161109, 0.613429
-0.776271, -0.151741, 0.611865
-0.779211, -0.142297, 0.610394
-0.781962, -0.132782, 0.609019
-0.784522, -0.123201, 0.607739
-0.786890, -0.113558, 0.606555
-0.789064, -0.103858, 0.605468
-0.791044, -0.094106, 0.604478
-0.792828, -0.084307, 0.603586
-0.794416, -0.074466, 0.602792
-0.795806, -0.064588, 0.602097
-0.796999, -0.054678, 0.601500
-0.797993, -0.044740, 0.601003
-0.798789, -0.034780, 0.600606
-0.799384, -0.024802, 0.600308
-0.799781, -0.014812, 0.600110
-0.799977, -0.004815, 0.600012
-0.799973, 0.005185, 0.600013
-0.799769, 0.015182, 0.600115
-0.799366, 0.025172, 0.600317
-0.798763, 0.035149, 0.600619
-0.797960, 0.045108, 0.601020
-0.796958, 0.055045, 0.601521
-0.795758, 0.064955, 0.602121
-0.794360, 0.074832, 0.602820
-0.792765, 0.084671, 0.603617
-0.790974, 0.094468, 0.604513
-0.788987, 0.104218, 0.605507
-0.786806, 0.113916, 0.606597
-0.784431, 0.123557, 0.607785
-0.781864, 0.133136, 0.609068
-0.779106, 0.142648, 0.610447
-0.776158, 0.152090, 0.611921
-0.773023, 0.161455, 0.613489
-0.769701, 0.170739, 0.615150
-0.766194, 0.179938, 0.616903
-0.762504, 0.189047, 0.618748
-0.758632, 0.198062, 0.620684
-0.754582, 0.206977, 0.622709
-0.750354, 0.215790, 0.624823
-0.745951, 0.224494, 0.627025
-0.741375, 0.233086, 0.629313
-0.736628, 0.241561, 0.631686
-0.731713, 0.249916, 0.634143
-0.726633, 0.258145, 0.636684
-0.721388, 0.266246, 0.639306
-0.715984, 0.274213, 0.642008
-0.710421, 0.282044, 0.644790
-0.704703, 0.289733, 0.647649
-0.698832, 0.297278, 0.650584
-0.692813, 0.304674, 0.653594
-0.686646, 0.311917, 0.656677
-0.680337, 0.319005, 0.659831
-0.673887, 0.325933, 0.663056
-0.667301, 0.332698, 0.666350
-0.660581, 0.339297, 0.669710
-0.653730, 0.345726, 0.673135
-0.646753, 0.351982, 0.676624
-0.639652, 0.358062, 0.680174
-0.632431, 0.363964, 0.683784
-0.625095, 0.369683, 0.687453
-0.617645, 0.375217, 0.691177
-0.610087, 0.380564, 0.694956
-0.602424, 0.385721, 0.698788
-0.594660, 0.390685, 0.702670
-0.586798, 0.395453, 0.706601
-0.578843, 0.400024, 0.710579
-0.570798, 0.404395, 0.714601
-0.562668, 0.408563, 0.718666
-0.554457, 0.412527, 0.722771
-0.546169, 0.416285, 0.726916
-0.537807, 0.419835, 0.731096
-0.529377, 0.423175, 0.735312
-0.520881, 0.426303, 0.739559
-0.512326, 0.429219, 0.743837
-0.503714, 0.431919, 0.748143
-0.495051, 0.434404, 0.752475
-0.486339, 0.436671, 0.756830
-0.477585, 0.438720, 0.761207
-0.468792, 0.440550, 0.765604
-0.459965, 0.442160, 0.770018
-0.451107, 0.443548, 0.774446
-0.442224, 0.444715, 0.778888
-0.433320, 0.445659, 0.783340
-0.424399, 0.446381, 0.787800
-0.415466, 0.446879, 0.792267
-0.406526, 0.447154, 0.796737
-0.397582, 0.447205, 0.801209
-0.388639, 0.447033, 0.805681
-0.379702, 0.446637, 0.810149
-0.370775, 0.446018, 0.814613
-0.361863, 0.445176, 0.819069
-0.352969, 0.444112, 0.823515
-0.344100, 0.442825, 0.827950
-0.335258, 0.441317, 0.832371
-0.326448, 0.439588, 0.836776
-0.317676, 0.437640, 0.841162
-0.308944, 0.435472, 0.845528
-0.300258, 0.433087, 0.849871
-0.291622, 0.430486, 0.854189
-0.283040, 0.427669, 0.858480
-0.274517, 0.424638, 0.862742
-0.266056, 0.421395, 0.866972
-0.257663, 0.417941, 0.871169
-0.249340, 0.414279, 0.875330
-0.241093, 0.410409, 0.879454
-0.232925, 0.406334, 0.883538
-0.224841, 0.402056, 0.887580
-0.216844, 0.397577, 0.891578
-0.208939, 0.392899, 0.895531
-0.201129, 0.388025, 0.899435
-0.193419, 0.382956, 0.903290
-0.185812, 0.377696, 0.907094
-0.178313, 0.372248, 0.910844
-0.170924, 0.366613, 0.914538
-0.163649, 0.360795, 0.918175
-0.156493, 0.354796, 0.921753
-0.149459, 0.348621, 0.925271
-0.142550, 0.342270, 0.928725
-0.135769, 0.335749, 0.932115
-0.129121, 0.329060, 0.935440
-0.122608, 0.322206, 0.938696
-0.116233, 0.315192, 0.941883
-0.110001, 0.308019, 0.944999
-0.103914, 0.300693, 0.948043
-0.097974, 0.293216, 0.951013
-0.092186, 0.285593, 0.953907
-0.086552, 0.277827, 0.956724
-0.081074, 0.269922, 0.959463
-0.075756, 0.261882, 0.962122
-0.070600, 0.253711, 0.964700
-0.065608, 0.245413, 0.967196
-0.060784, 0.236993, 0.969608
-0.056129, 0.228454, 0.971935
-0.051646, 0.219800, 0.974177
-0.047338, 0.211037, 0.976331
-0.043206, 0.202169, 0.978397
-0.039252, 0.193199, 0.980374
-0.035478, 0.184133, 0.982261
-0.031887, 0.174975, 0.984056
-0.028480, 0.165729, 0.985760
-0.025259, 0.156400, 0.987371
-0.022224, 0.146993, 0.988888
-0.019379, 0.137513, 0.990310
-0.016724, 0.127964, 0.991638
-0.014261, 0.118351, 0.992869
-0.011991, 0.108679, 0.994005
-0.009914, 0.098952, 0.995043
-0.008033, 0.089176, 0.995984
-0.006348, 0.079355, 0.996826
-0.004859, 0.069495, 0.997570
-0.003568, 0.059600, 0.998216
-0.002475, 0.049675, 0.998762
-0.001581, 0.039725, 0.999209
-0.000886, 0.029756, 0.999557
-0.000391, 0.019771, 0.999804
-0.000096, 0.009777, 0.999952
-0.000000, -0.000222, 1.000000
-0.000104, -0.010221, 0.999948
-0.000409, -0.020215, 0.999796
-0.000913, -0.030199, 0.999543
-0.001617, -0.040168, 0.999192
-0.002520, -0.050117, 0.998740
-0.003621, -0.060040, 0.998189
-0.004921, -0.069934, 0.997539
-0.006418, -0.079793, 0.996791
-0.008112, -0.089612, 0.995944
-0.010003, -0.099386, 0.994999
-0.012088, -0.109110, 0.993956
-0.014367, -0.118780, 0.992817
-0.016838, -0.128390, 0.991581
-0.019502, -0.137936, 0.990249
-0.022355, -0.147413, 0.988822
-0.025398, -0.156817, 0.987301
-0.028627, -0.166142, 0.985686
-0.032043, -0.175384, 0.983979
-0.035642, -0.184538, 0.982179
-0.039424, -0.193600, 0.980288
-0.043386, -0.202565, 0.978307
-0.047526, -0.211429, 0.976237
-0.051842, -0.220188, 0.974079
-0.056333, -0.228836, 0.971834
-0.060995, -0.237370, 0.969503
-0.065827, -0.245785, 0.967087
-0.070825, -0.254077, 0.964587
-0.075989, -0.262242, 0.962006
-0.081314, -0.270276, 0.959343
-0.086799, -0.278175, 0.956601
-0.092440, -0.285935, 0.953780
-0.098235, -0.293552, 0.950882
-0.104181, -0.301022, 0.947909
-0.110275, -0.308341, 0.944862
-0.116514, -0.315507, 0.941743
-0.122894, -0.322515, 0.938553
-0.129413, -0.329361, 0.935293
-0.136068, -0.336043, 0.931966
-0.142854, -0.342556, 0.928573
-0.149769, -0.348899, 0.925116
-0.156809, -0.355067, 0.921596
-0.163970, -0.361057, 0.918015
-0.171250, -0.366867, 0.914375
-0.178644, -0.372494, 0.910678
-0.186148, -0.377934, 0.906926
-0.193760, -0.383186, 0.903120
-0.201475, -0.388246, 0.899263
-0.209288, -0.393111, 0.895356
-0.217198, -0.397780, 0.891401
-0.225198, -0.402251, 0.887401
-0.233286, -0.406520, 0.883357
-0.241458, -0.410586, 0.879271
-0.249708, -0.414446, 0.875146
-0.258034, -0.418099, 0.870983
-0.266431, -0.421544, 0.866784
-0.274895, -0.424777, 0.862553
-0.283421, -0.427799, 0.858290
-0.292005, -0.430606, 0.853997
-0.300644, -0.433198, 0.849678
-0.309332, -0.435573, 0.845334
-0.318065, -0.437731, 0.840968
-0.326839, -0.439670, 0.836580
-0.335650, -0.441389, 0.832175
-0.344493, -0.442887, 0.827753
-0.353364, -0.444164, 0.823318
-0.362258, -0.445218, 0.818871
-0.371172, -0.446051, 0.814414
-0.380099, -0.446660, 0.809950
-0.389036, -0.447046, 0.805482
-0.397979, -0.447208, 0.801010
-0.406923, -0.447147, 0.796538
-0.415864, -0.446862, 0.792068
-0.424796, -0.446353, 0.787602
-0.433716, -0.445622, 0.783142
-0.442620, -0.444668, 0.778690
-0.451502, -0.443491, 0.774249
-0.460358, -0.442093, 0.769821
-0.469184, -0.440474, 0.765408
-0.477975, -0.438634, 0.761012
-0.486728, -0.436575, 0.756636
-0.495437, -0.434298, 0.752282
-0.504098, -0.431804, 0.747951
-0.512708, -0.429094, 0.743646
-0.521261, -0.426169, 0.739370
-0.529753, -0.423031, 0.735124
-0.538180, -0.419682, 0.730910
-0.546539, -0.416123, 0.726731
-0.554824, -0.412355, 0.722588
-0.563032, -0.408382, 0.718484
-0.571158, -0.404204, 0.714421
-0.579198, -0.399825, 0.710401
-0.587149, -0.395245, 0.706425
-0.595007, -0.390468, 0.702497
-0.602767, -0.385496, 0.698617
-0.610425, -0.380331, 0.694787
-0.617979, -0.374975, 0.691011
-0.625423, -0.369433, 0.687288
-0.632755, -0.363705, 0.683623
-0.639970, -0.357796, 0.680015
-0.647066, -0.351708, 0.676467
-0.654037, -0.345444, 0.672981
-0.660882, -0.339007, 0.669559
-0.667597, -0.332401, 0.666202
-0.674177, -0.325628, 0.662911
-0.680621, -0.318693, 0.659690
-0.686924, -0.311598, 0.656538
-0.693083, -0.304348, 0.653458
-0.699097, -0.296945, 0.650452
-0.704960, -0.289394, 0.647520
-0.710671, -0.281699, 0.644664
-0.716227, -0.273862, 0.641886
-0.721625, -0.265889, 0.639188
-0.726862, -0.257782, 0.636569
-0.731935, -0.249547, 0.634032
-0.736843, -0.241187, 0.631579
-0.741582, -0.232706, 0.629209
-0.746150, -0.224109, 0.626925
-0.750546, -0.215400, 0.624727
-0.754766, -0.206583, 0.622617
-0.758808, -0.197663, 0.620596
-0.762672, -0.188644, 0.618664
-0.766353, -0.179531, 0.616823
-0.769852, -0.170328, 0.615074
-0.773166, -0.161040, 0.613417
-0.776293, -0.151671, 0.611853
-0.779232, -0.142227, 0.610384
-0.781982, -0.132711, 0.609009
-0.784540, -0.123129, 0.607730
-0.786907, -0.113486, 0.606547
-0.789079, -0.103786, 0.605460
-0.791058, -0.094034, 0.604471
-0.792840, -0.084234, 0.603580
-0.794427, -0.074393, 0.602787
-0.795816, -0.064515, 0.602092
-0.797007, -0.054604, 0.601496
-0.798000, -0.044666, 0.601000
-0.798794, -0.034706, 0.600603
-0.799388, -0.024728, 0.600306
-0.799783, -0.014738, 0.600109
-0.799978, -0.004741, 0.600011
-0.799972, 0.005259, 0.600014
-0.799767, 0.015256, 0.600116
-0.799362, 0.025246, 0.600319
-0.798757, 0.035223, 0.600621
-0.797953, 0.045182, 0.601023
-0.796950, 0.055119, 0.601525
-0.795749, 0.065028, 0.602126
-0.794349, 0.074905, 0.602825
-0.792753, 0.084744, 0.603624
-0.790960, 0.094541, 0.604520
-0.788972, 0.104290, 0.605514
-0.786789, 0.113988, 0.606606
-0.784412, 0.123628, 0.607794
-0.781844, 0.133207, 0.609078
-0.779085, 0.142719, 0.610458
-0.776136, 0.152159, 0.611932
-0.772999, 0.161524, 0.613501
